{
	"credit": "Made with Blockbench",
	"texture_size": [32, 32],
	"textures": {
		"1": "block/minerild/camera"
	},
	"elements": [
		{
			"from": [12, 5, 3],
			"to": [16, 11, 15],
			"rotation": {"angle": 0, "axis": "y", "origin": [6, 5, 1]},
			"faces": {
				"north": {"uv": [2, 6, 4, 9], "texture": "#1"},
				"east": {"uv": [0, 0, 6, 3], "texture": "#1"},
				"south": {"uv": [4, 6, 6, 9], "texture": "#1"},
				"west": {"uv": [0, 3, 6, 6], "texture": "#1"},
				"up": {"uv": [2, 12, 0, 6], "texture": "#1"},
				"down": {"uv": [8, 0, 6, 6], "texture": "#1"}
			}
		},
		{
			"from": [12, 6, 1],
			"to": [16, 10, 2],
			"rotation": {"angle": 0, "axis": "y", "origin": [6, 5, 1]},
			"faces": {
				"north": {"uv": [6, 6, 8, 8], "texture": "#1"},
				"east": {"uv": [7, 9, 7.5, 11], "texture": "#1"},
				"south": {"uv": [8, 0, 10, 2], "texture": "#1"},
				"west": {"uv": [9, 7, 9.5, 9], "texture": "#1"},
				"up": {"uv": [11, 5.5, 9, 5], "texture": "#1"},
				"down": {"uv": [11, 5.5, 9, 6], "texture": "#1"}
			}
		},
		{
			"from": [11, 6, 0],
			"to": [12, 10, 1],
			"rotation": {"angle": 0, "axis": "y", "origin": [6, 5, 1]},
			"faces": {
				"north": {"uv": [9.5, 7, 10, 9], "texture": "#1"},
				"east": {"uv": [9.5, 9, 10, 11], "texture": "#1"},
				"south": {"uv": [10, 0, 10.5, 2], "texture": "#1"},
				"west": {"uv": [3, 10, 3.5, 12], "texture": "#1"},
				"up": {"uv": [12, 3, 11.5, 2.5], "texture": "#1"},
				"down": {"uv": [7, 12, 6.5, 12.5], "texture": "#1"}
			}
		},
		{
			"from": [16, 6, 0],
			"to": [17, 10, 1],
			"rotation": {"angle": 0, "axis": "y", "origin": [6, 5, 1]},
			"faces": {
				"north": {"uv": [3.5, 10, 4, 12], "texture": "#1"},
				"east": {"uv": [4, 10, 4.5, 12], "texture": "#1"},
				"south": {"uv": [4.5, 10, 5, 12], "texture": "#1"},
				"west": {"uv": [10, 6, 10.5, 8], "texture": "#1"},
				"up": {"uv": [12.5, 7.5, 12, 7], "texture": "#1"},
				"down": {"uv": [12.5, 7.5, 12, 8], "texture": "#1"}
			}
		},
		{
			"from": [12, 10, 0],
			"to": [16, 11, 1],
			"rotation": {"angle": 0, "axis": "y", "origin": [6, 5, 1]},
			"faces": {
				"north": {"uv": [7.5, 10, 9.5, 10.5], "texture": "#1"},
				"east": {"uv": [12, 8, 12.5, 8.5], "texture": "#1"},
				"south": {"uv": [10, 8, 12, 8.5], "texture": "#1"},
				"west": {"uv": [12, 8.5, 12.5, 9], "texture": "#1"},
				"up": {"uv": [12, 9, 10, 8.5], "texture": "#1"},
				"down": {"uv": [12, 9, 10, 9.5], "texture": "#1"}
			}
		},
		{
			"from": [12, 5, 0],
			"to": [16, 6, 1],
			"rotation": {"angle": 0, "axis": "y", "origin": [6, 5, 1]},
			"faces": {
				"north": {"uv": [10, 9.5, 12, 10], "texture": "#1"},
				"east": {"uv": [12, 9, 12.5, 9.5], "texture": "#1"},
				"south": {"uv": [10, 10, 12, 10.5], "texture": "#1"},
				"west": {"uv": [12, 9.5, 12.5, 10], "texture": "#1"},
				"up": {"uv": [12.5, 0.5, 10.5, 0], "texture": "#1"},
				"down": {"uv": [12.5, 0.5, 10.5, 1], "texture": "#1"}
			}
		},
		{
			"from": [13, 7, 2],
			"to": [15, 9, 3],
			"rotation": {"angle": 0, "axis": "y", "origin": [6, 5, 1]},
			"faces": {
				"north": {"uv": [7.5, 9, 8.5, 10], "texture": "#1"},
				"east": {"uv": [10.5, 1, 11, 2], "texture": "#1"},
				"south": {"uv": [8.5, 9, 9.5, 10], "texture": "#1"},
				"west": {"uv": [12, 2.5, 12.5, 3.5], "texture": "#1"},
				"up": {"uv": [4, 12.5, 3, 12], "texture": "#1"},
				"down": {"uv": [13, 3.5, 12, 4], "texture": "#1"}
			}
		},
		{
			"from": [12, 10.5, 5],
			"to": [13, 13.5, 6],
			"rotation": {"angle": 22.5, "axis": "z", "origin": [12.5, 12, 9]},
			"faces": {
				"north": {"uv": [2, 11, 2.5, 12.5], "texture": "#1"},
				"east": {"uv": [2.5, 11, 3, 12.5], "texture": "#1"},
				"south": {"uv": [11, 5, 11.5, 6.5], "texture": "#1"},
				"west": {"uv": [11, 6.5, 11.5, 8], "texture": "#1"},
				"up": {"uv": [12.5, 10.5, 12, 10], "texture": "#1"},
				"down": {"uv": [12.5, 10.5, 12, 11], "texture": "#1"}
			}
		},
		{
			"from": [12, 10.5, 12],
			"to": [13, 13.5, 13],
			"rotation": {"angle": 22.5, "axis": "z", "origin": [12.5, 12, 9]},
			"faces": {
				"north": {"uv": [7, 11, 7.5, 12.5], "texture": "#1"},
				"east": {"uv": [9.5, 11, 10, 12.5], "texture": "#1"},
				"south": {"uv": [11, 10.5, 11.5, 12], "texture": "#1"},
				"west": {"uv": [11.5, 1, 12, 2.5], "texture": "#1"},
				"up": {"uv": [11.5, 12.5, 11, 12], "texture": "#1"},
				"down": {"uv": [12.5, 11, 12, 11.5], "texture": "#1"}
			}
		},
		{
			"from": [12, 12.5, 6],
			"to": [13, 13.5, 12],
			"rotation": {"angle": 22.5, "axis": "z", "origin": [12.5, 12, 9]},
			"faces": {
				"north": {"uv": [11.5, 12, 12, 12.5], "texture": "#1"},
				"east": {"uv": [9, 3, 12, 3.5], "texture": "#1"},
				"south": {"uv": [12, 11.5, 12.5, 12], "texture": "#1"},
				"west": {"uv": [9, 3.5, 12, 4], "texture": "#1"},
				"up": {"uv": [5.5, 12, 5, 9], "texture": "#1"},
				"down": {"uv": [6, 9, 5.5, 12], "texture": "#1"}
			}
		},
		{
			"from": [15, 10.5, 5],
			"to": [16, 13.5, 6],
			"rotation": {"angle": -22.5, "axis": "z", "origin": [15.5, 12, 9]},
			"faces": {
				"north": {"uv": [0.5, 12, 1, 13.5], "texture": "#1"},
				"east": {"uv": [1, 12, 1.5, 13.5], "texture": "#1"},
				"south": {"uv": [12, 1, 12.5, 2.5], "texture": "#1"},
				"west": {"uv": [1.5, 12, 2, 13.5], "texture": "#1"},
				"up": {"uv": [13, 2, 12.5, 1.5], "texture": "#1"},
				"down": {"uv": [2.5, 12.5, 2, 13], "texture": "#1"}
			}
		},
		{
			"from": [15, 12.5, 6],
			"to": [16, 13.5, 12],
			"rotation": {"angle": -22.5, "axis": "z", "origin": [15.5, 12, 9]},
			"faces": {
				"north": {"uv": [12.5, 0.5, 13, 1], "texture": "#1"},
				"east": {"uv": [9, 4, 12, 4.5], "texture": "#1"},
				"south": {"uv": [12.5, 1, 13, 1.5], "texture": "#1"},
				"west": {"uv": [9, 4.5, 12, 5], "texture": "#1"},
				"up": {"uv": [6.5, 12, 6, 9], "texture": "#1"},
				"down": {"uv": [7, 9, 6.5, 12], "texture": "#1"}
			}
		},
		{
			"from": [15, 10.5, 12],
			"to": [16, 13.5, 13],
			"rotation": {"angle": -22.5, "axis": "z", "origin": [15.5, 12, 9]},
			"faces": {
				"north": {"uv": [11.5, 5, 12, 6.5], "texture": "#1"},
				"east": {"uv": [11.5, 6.5, 12, 8], "texture": "#1"},
				"south": {"uv": [11.5, 10.5, 12, 12], "texture": "#1"},
				"west": {"uv": [0, 12, 0.5, 13.5], "texture": "#1"},
				"up": {"uv": [12.5, 12.5, 12, 12], "texture": "#1"},
				"down": {"uv": [13, 0, 12.5, 0.5], "texture": "#1"}
			}
		},
		{
			"from": [16, 7, 10],
			"to": [17, 9, 14],
			"rotation": {"angle": 0, "axis": "y", "origin": [6, 5, 1]},
			"faces": {
				"north": {"uv": [6, 12, 6.5, 13], "texture": "#1"},
				"east": {"uv": [9, 2, 11, 3], "texture": "#1"},
				"south": {"uv": [12, 6, 12.5, 7], "texture": "#1"},
				"west": {"uv": [3, 9, 5, 10], "texture": "#1"},
				"up": {"uv": [11, 12.5, 10.5, 10.5], "texture": "#1"},
				"down": {"uv": [11.5, 1, 11, 3], "texture": "#1"}
			}
		},
		{
			"from": [16, 6, 11],
			"to": [17, 10, 13],
			"rotation": {"angle": 0, "axis": "y", "origin": [6, 5, 1]},
			"faces": {
				"north": {"uv": [9, 10.5, 9.5, 12.5], "texture": "#1"},
				"east": {"uv": [8, 7, 9, 9], "texture": "#1"},
				"south": {"uv": [10, 10.5, 10.5, 12.5], "texture": "#1"},
				"west": {"uv": [2, 9, 3, 11], "texture": "#1"},
				"up": {"uv": [12.5, 6, 12, 5], "texture": "#1"},
				"down": {"uv": [6, 12, 5.5, 13], "texture": "#1"}
			}
		},
		{
			"from": [16, 7, 4],
			"to": [17, 9, 8],
			"rotation": {"angle": 0, "axis": "y", "origin": [6, 5, 1]},
			"faces": {
				"north": {"uv": [4.5, 12, 5, 13], "texture": "#1"},
				"east": {"uv": [6, 8, 8, 9], "texture": "#1"},
				"south": {"uv": [5, 12, 5.5, 13], "texture": "#1"},
				"west": {"uv": [8, 6, 10, 7], "texture": "#1"},
				"up": {"uv": [8.5, 12.5, 8, 10.5], "texture": "#1"},
				"down": {"uv": [9, 10.5, 8.5, 12.5], "texture": "#1"}
			}
		},
		{
			"from": [16, 6, 5],
			"to": [17, 10, 7],
			"rotation": {"angle": 0, "axis": "y", "origin": [6, 5, 1]},
			"faces": {
				"north": {"uv": [10.5, 6, 11, 8], "texture": "#1"},
				"east": {"uv": [8, 2, 9, 4], "texture": "#1"},
				"south": {"uv": [7.5, 10.5, 8, 12.5], "texture": "#1"},
				"west": {"uv": [8, 4, 9, 6], "texture": "#1"},
				"up": {"uv": [4.5, 13, 4, 12], "texture": "#1"},
				"down": {"uv": [12.5, 4, 12, 5], "texture": "#1"}
			}
		}
	],
	"gui_light": "front",
	"display": {
		"firstperson_righthand": {
			"translation": [0, 13, 9]
		},
		"firstperson_lefthand": {
			"translation": [0, 13, 9]
		},
		"ground": {
			"scale": [0.5, 0.5, 0.5]
		},
		"gui": {
			"rotation": [30, 225, 0],
			"translation": [-1.25, 4.25, 0],
			"scale": [1.005, 1.005, 1.005]
		},
		"head": {
			"translation": [8.5, 8.25, 0]
		}
	}
}